0,2019-Aug-10 01:04:24,6,8,1,Bhanu
1,2019-Aug-10 00:41:48,6,8,0,Bhanu
2,2019-Aug-10 00:15:30,6,8,0,Bhanu
3,2019-Aug-09 16:13:18,5,8,16,Bhanu
4,2019-Aug-09 14:50:53,5,8,14,Bhanu
5,2019-Aug-09 12:42:17,5,8,12,Bhanu
6,2019-Aug-08 22:54:46,4,8,22,Bhanu
7,2019-Aug-08 22:53:25,4,8,22,Bhanu
8,2019-Aug-08 19:36:54,4,8,19,Bhanu
9,2019-Aug-08 19:18:14,4,8,19,Bhanu
10,2019-Aug-08 15:38:42,4,8,15,Bhanu
11,2019-Aug-08 15:29:13,4,8,15,Bhanu
12,2019-Aug-08 15:28:17,4,8,15,Bhanu
13,2019-Aug-07 18:26:51,3,8,18,Bhanu
14,2019-Aug-07 18:25:36,3,8,18,Bhanu
15,2019-Aug-07 18:25:18,3,8,18,Bhanu
16,2019-Aug-07 17:19:49,3,8,17,Bhanu
17,2019-Aug-07 16:47:36,3,8,16,Bhanu
18,2019-Aug-07 15:25:19,3,8,15,Bhanu
19,2019-Aug-07 13:51:04,3,8,13,Bhanu
20,2019-Aug-07 13:50:51,3,8,13,Bhanu
21,2019-Aug-06 17:59:50,2,8,17,Bhanu
22,2019-Aug-05 18:24:54,1,8,18,Bhanu
23,2019-Aug-05 17:57:19,1,8,17,Bhanu
24,2019-Aug-05 17:14:11,1,8,17,Bhanu
25,2019-Aug-05 16:35:38,1,8,16,Bhanu
26,2019-Aug-05 16:31:19,1,8,16,Bhanu
27,2019-Aug-05 13:49:04,1,8,13,Bhanu
28,2019-Aug-05 13:35:16,1,8,13,Bhanu
29,2019-Aug-05 13:30:20,1,8,13,Bhanu
30,2019-Aug-05 12:10:17,1,8,12,Bhanu
31,2019-Aug-04 20:50:23,0,8,20,Bhanu
32,2019-Aug-04 20:33:42,0,8,20,Bhanu
33,2019-Aug-03 17:17:40,6,8,17,Bhanu
34,2019-Aug-03 17:03:57,6,8,17,Bhanu
35,2019-Aug-03 15:15:38,6,8,15,Bhanu
36,2019-Aug-03 12:58:23,6,8,12,Bhanu
37,2019-Aug-02 18:07:32,5,8,18,Bhanu
38,2019-Aug-02 16:43:50,5,8,16,Bhanu
39,2019-Aug-02 16:18:20,5,8,16,Bhanu
40,2019-Aug-02 15:43:39,5,8,15,Bhanu
41,2019-Aug-02 15:29:13,5,8,15,Bhanu
42,2019-Aug-02 14:32:35,5,8,14,Bhanu
43,2019-Aug-02 13:02:29,5,8,13,Bhanu
44,2019-Aug-01 00:54:53,4,8,0,Bhanu
45,2019-Aug-01 00:50:15,4,8,0,Bhanu
46,2019-Jul-31 23:08:13,3,7,23,Bhanu
47,2019-Jul-30 12:58:53,2,7,12,Bhanu
48,2019-Jul-29 20:16:45,1,7,20,Bhanu
49,2019-Jul-29 19:14:13,1,7,19,Bhanu
50,2019-Jul-29 18:40:44,1,7,18,Bhanu
51,2019-Jul-29 14:55:20,1,7,14,Bhanu
52,2019-Jul-29 14:51:04,1,7,14,Bhanu
53,2019-Jul-27 13:07:03,6,7,13,Bhanu
54,2019-Jul-27 12:59:23,6,7,12,Bhanu
55,2019-Jul-27 11:43:23,6,7,11,Bhanu
56,2019-Jul-27 11:42:11,6,7,11,Bhanu
57,2019-Jul-27 11:38:44,6,7,11,Bhanu
58,2019-Jul-27 11:34:14,6,7,11,Bhanu
59,2019-Jul-27 11:31:23,6,7,11,Bhanu
60,2019-Jul-27 11:17:25,6,7,11,Bhanu
61,2019-Jul-27 11:10:32,6,7,11,Bhanu
62,2019-Jul-27 11:06:50,6,7,11,Bhanu
63,2019-Jul-26 19:36:17,5,7,19,Bhanu
64,2019-Jul-26 15:46:01,5,7,15,Bhanu
65,2019-Jul-26 15:23:17,5,7,15,Bhanu
66,2019-Jul-26 15:21:25,5,7,15,Bhanu
67,2019-Jul-26 15:21:25,5,7,15,Bhanu
68,2019-Jul-26 14:45:44,5,7,14,Bhanu
69,2019-Jul-26 00:26:32,5,7,0,Bhanu
70,2019-Jul-25 23:33:18,4,7,23,Bhanu
71,2019-Jul-25 23:31:02,4,7,23,Bhanu
72,2019-Jul-25 16:35:16,4,7,16,Bhanu
73,2019-Jul-25 14:58:20,4,7,14,Bhanu
74,2019-Jul-24 18:15:15,3,7,18,Bhanu
75,2019-Jul-24 17:59:36,3,7,17,Bhanu
76,2019-Jul-24 17:59:17,3,7,17,Bhanu
77,2019-Jul-24 12:57:38,3,7,12,Bhanu
78,2019-Jul-24 11:53:56,3,7,11,Bhanu
79,2019-Jul-23 23:00:19,2,7,23,Bhanu
80,2019-Jul-23 20:43:24,2,7,20,Bhanu
81,2019-Jul-23 20:28:46,2,7,20,Bhanu
82,2019-Jul-23 20:18:11,2,7,20,Bhanu
83,2019-Jul-23 16:49:49,2,7,16,Bhanu
84,2019-Jul-23 16:30:32,2,7,16,Bhanu
85,2019-Jul-23 13:29:55,2,7,13,Bhanu
86,2019-Jul-23 12:45:25,2,7,12,Bhanu
87,2019-Jul-23 12:39:10,2,7,12,Bhanu
88,2019-Jul-23 12:18:28,2,7,12,Bhanu
89,2019-Jul-23 12:17:36,2,7,12,Bhanu
90,2019-Jul-23 11:59:33,2,7,11,Bhanu
91,2019-Jul-23 11:38:51,2,7,11,Bhanu
92,2019-Jul-22 21:24:33,1,7,21,Bhanu
93,2019-Jul-22 18:41:15,1,7,18,Bhanu
94,2019-Jul-22 18:38:07,1,7,18,Bhanu
95,2019-Jul-22 18:29:46,1,7,18,Bhanu
96,2019-Jul-22 18:29:02,1,7,18,Bhanu
97,2019-Jul-22 18:19:06,1,7,18,Bhanu
98,2019-Jul-22 17:43:42,1,7,17,Bhanu
99,2019-Jul-22 17:40:32,1,7,17,Bhanu
100,2019-Jul-22 17:33:40,1,7,17,Bhanu
101,2019-Jul-22 17:10:55,1,7,17,Bhanu
102,2019-Jul-22 17:08:03,1,7,17,Bhanu
103,2019-Jul-22 16:12:28,1,7,16,Bhanu
104,2019-Jul-22 16:07:07,1,7,16,Bhanu
105,2019-Jul-22 12:25:14,1,7,12,Bhanu
106,2019-Jul-22 12:24:27,1,7,12,Bhanu
107,2019-Jul-22 11:08:10,1,7,11,Bhanu
108,2019-Jul-22 11:07:58,1,7,11,Bhanu
109,2019-Jul-20 17:14:21,6,7,17,Bhanu
110,2019-Jul-20 15:29:58,6,7,15,Bhanu
111,2019-Jul-19 18:38:15,5,7,18,Bhanu
112,2019-Jul-19 17:48:34,5,7,17,Bhanu
113,2019-Jul-19 13:54:41,5,7,13,Bhanu
114,2019-Jul-19 13:49:26,5,7,13,Bhanu
115,2019-Jul-19 12:10:31,5,7,12,Bhanu
116,2019-Jul-18 22:09:56,4,7,22,Bhanu
117,2019-Jul-18 22:05:24,4,7,22,Bhanu
118,2019-Jul-18 15:53:59,4,7,15,Bhanu
119,2019-Jul-18 13:22:00,4,7,13,Bhanu
120,2019-Jul-18 12:58:36,4,7,12,Bhanu
121,2019-Jul-18 12:37:54,4,7,12,Bhanu
122,2019-Jul-18 12:34:05,4,7,12,Bhanu
123,2019-Jul-17 20:36:55,3,7,20,Bhanu
124,2019-Jul-16 15:11:34,2,7,15,Bhanu
125,2019-Jul-16 15:04:04,2,7,15,Bhanu
126,2019-Jul-16 14:24:39,2,7,14,Bhanu
127,2019-Jul-16 13:01:44,2,7,13,Bhanu
128,2019-Jul-16 12:36:48,2,7,12,Bhanu
129,2019-Jul-15 16:58:33,1,7,16,Bhanu
130,2019-Jul-15 16:51:16,1,7,16,Bhanu
131,2019-Jul-12 13:21:11,5,7,13,Bhanu
132,2019-Jul-12 13:14:58,5,7,13,Bhanu
133,2019-Jul-11 16:14:37,4,7,16,Bhanu
134,2019-Jul-11 16:08:03,4,7,16,Bhanu
135,2019-Jul-11 15:33:04,4,7,15,Bhanu
136,2019-Jul-11 14:23:03,4,7,14,Bhanu
137,2019-Jul-11 11:41:16,4,7,11,Bhanu
138,2019-Jul-11 09:38:21,4,7,9,Bhanu
139,2019-Jul-10 22:19:20,3,7,22,Bhanu
140,2019-Jul-10 21:33:53,3,7,21,Bhanu
141,2019-Jul-10 21:18:24,3,7,21,Bhanu
142,2019-Jul-09 23:41:04,2,7,23,Bhanu
143,2019-Jul-09 23:32:41,2,7,23,Bhanu
144,2019-Jul-09 21:56:51,2,7,21,Bhanu
145,2019-Jul-07 13:48:59,0,7,13,Bhanu
146,2019-Jul-07 13:40:07,0,7,13,Bhanu
147,2019-Jul-07 13:39:11,0,7,13,Bhanu
148,2019-Jul-07 13:38:02,0,7,13,Bhanu
149,2019-Jul-07 13:32:34,0,7,13,Bhanu
150,2019-Jul-05 16:47:19,5,7,16,Bhanu
151,2019-Jul-05 12:40:14,5,7,12,Bhanu
152,2019-Jul-05 12:36:49,5,7,12,Bhanu
153,2019-Jul-04 23:25:30,4,7,23,Bhanu
154,2019-Jul-04 19:14:40,4,7,19,Bhanu
155,2019-Jul-04 18:42:05,4,7,18,Bhanu
156,2019-Jul-03 19:45:22,3,7,19,Bhanu
157,2019-Jul-03 19:25:08,3,7,19,Bhanu
158,2019-Jul-03 19:04:50,3,7,19,Bhanu
159,2019-Jul-03 18:42:06,3,7,18,Bhanu
160,2019-Jul-03 16:37:53,3,7,16,Bhanu
161,2019-Jul-02 15:44:03,2,7,15,Bhanu
162,2019-Jul-02 14:51:24,2,7,14,Bhanu
163,2019-Jul-01 20:12:30,1,7,20,Bhanu
164,2019-Jul-01 19:39:28,1,7,19,Bhanu
165,2019-Jul-01 15:54:45,1,7,15,Bhanu
166,2019-Jun-28 15:54:01,5,6,15,Bhanu
167,2019-Jun-28 15:31:10,5,6,15,Bhanu
168,2019-Jun-27 12:04:58,4,6,12,Bhanu
169,2019-Jun-27 11:58:33,4,6,11,Bhanu
170,2019-Jun-26 10:43:36,3,6,10,Bhanu
171,2019-Jun-25 21:02:24,2,6,21,Bhanu
172,2019-Jun-25 19:18:21,2,6,19,Bhanu
173,2019-Jun-25 19:07:03,2,6,19,Bhanu
174,2019-Jun-25 19:04:29,2,6,19,Bhanu
175,2019-Jun-25 15:30:48,2,6,15,Bhanu
176,2019-Jun-25 14:23:53,2,6,14,Bhanu
177,2019-Jun-25 14:00:01,2,6,14,Bhanu
178,2019-Jun-24 19:54:34,1,6,19,Bhanu
179,2019-Jun-24 18:55:11,1,6,18,Bhanu
180,2019-Jun-24 18:10:04,1,6,18,Bhanu
181,2019-Jun-24 17:41:04,1,6,17,Bhanu
182,2019-Jun-24 17:24:49,1,6,17,Bhanu
183,2019-Jun-24 17:19:36,1,6,17,Bhanu
184,2019-Jun-24 17:15:11,1,6,17,Bhanu
185,2019-Jun-24 17:14:36,1,6,17,Bhanu
186,2019-Jun-24 15:26:59,1,6,15,Bhanu
187,2019-Jun-24 13:00:22,1,6,13,Bhanu
188,2019-Jun-24 11:19:48,1,6,11,Bhanu
189,2019-Jun-22 23:11:26,6,6,23,Bhanu
190,2019-Jun-22 15:32:07,6,6,15,Bhanu
191,2019-Jun-22 03:32:07,6,6,3,Bhanu
192,2019-Jun-22 03:26:15,6,6,3,Bhanu
193,2019-Jun-21 20:56:42,5,6,20,Bhanu
194,2019-Jun-21 20:42:38,5,6,20,Bhanu
195,2019-Jun-21 20:34:53,5,6,20,Bhanu
196,2019-Jun-21 20:29:04,5,6,20,Bhanu
197,2019-Jun-21 20:28:10,5,6,20,Bhanu
198,2019-Jun-21 20:26:29,5,6,20,Bhanu
199,2019-Jun-21 20:06:20,5,6,20,Bhanu
200,2019-Jun-21 19:59:37,5,6,19,Bhanu
201,2019-Jun-21 19:48:22,5,6,19,Bhanu
202,2019-Jun-21 19:47:07,5,6,19,Bhanu
203,2019-Jun-21 18:56:40,5,6,18,Bhanu
204,2019-Jun-21 18:34:49,5,6,18,Bhanu
205,2019-Jun-21 18:30:07,5,6,18,Bhanu
206,2019-Jun-21 17:46:59,5,6,17,Bhanu
207,2019-Jun-21 17:23:03,5,6,17,Bhanu
208,2019-Jun-20 20:42:44,4,6,20,Bhanu
209,2019-Jun-20 20:42:35,4,6,20,Bhanu
210,2019-Jun-20 18:58:02,4,6,18,Bhanu
211,2019-Jun-20 17:51:28,4,6,17,Bhanu
212,2019-Jun-20 17:22:03,4,6,17,Bhanu
213,2019-Jun-19 21:00:50,3,6,21,Bhanu
214,2019-Jun-18 19:38:15,2,6,19,Bhanu
215,2019-Jun-18 16:20:53,2,6,16,Bhanu
216,2019-Jun-18 16:18:04,2,6,16,Bhanu
217,2019-Jun-18 16:08:55,2,6,16,Bhanu
218,2019-Jun-18 16:07:10,2,6,16,Bhanu
219,2019-Jun-18 13:36:44,2,6,13,Bhanu
220,2019-Jun-18 11:44:28,2,6,11,Bhanu
221,2019-Jun-18 11:40:53,2,6,11,Bhanu
222,2019-Jun-18 11:07:23,2,6,11,Bhanu
223,2019-Jun-17 13:08:02,1,6,13,Bhanu
224,2019-Jun-15 17:34:17,6,6,17,Bhanu
225,2019-Jun-15 16:47:58,6,6,16,Bhanu
226,2019-Jun-15 16:29:10,6,6,16,Bhanu
227,2019-Jun-15 15:58:52,6,6,15,Bhanu
228,2019-Jun-14 09:10:58,5,6,9,Bhanu
229,2019-Jun-14 09:03:47,5,6,9,Bhanu
230,2019-Jun-14 01:24:28,5,6,1,Bhanu
231,2019-Jun-14 01:21:01,5,6,1,Bhanu
232,2019-Jun-14 01:19:06,5,6,1,Bhanu
233,2019-Jun-13 16:29:42,4,6,16,Bhanu
234,2019-Jun-13 16:29:04,4,6,16,Bhanu
235,2019-Jun-13 16:08:39,4,6,16,Bhanu
236,2019-Jun-13 16:06:32,4,6,16,Bhanu
237,2019-Jun-13 15:51:41,4,6,15,Bhanu
238,2019-Jun-13 15:20:57,4,6,15,Bhanu
239,2019-Jun-12 21:25:51,3,6,21,Bhanu
240,2019-Jun-11 17:11:32,2,6,17,Bhanu
241,2019-Jun-11 17:09:38,2,6,17,Bhanu
242,2019-Jun-10 18:04:16,1,6,18,Bhanu
243,2019-Jun-10 18:03:57,1,6,18,Bhanu
244,2019-Jun-10 17:07:14,1,6,17,Bhanu
245,2019-Jun-10 17:06:41,1,6,17,Bhanu
246,2019-Jun-10 12:41:38,1,6,12,Bhanu
247,2019-Jun-10 12:40:58,1,6,12,Bhanu
248,2019-Jun-10 12:15:14,1,6,12,Bhanu
249,2019-Jun-07 21:57:43,5,6,21,Bhanu
250,2019-Jun-07 21:57:28,5,6,21,Bhanu
251,2019-Jun-07 21:25:14,5,6,21,Bhanu
252,2019-Jun-05 18:25:41,3,6,18,Bhanu
253,2019-Jun-02 01:51:23,0,6,1,Bhanu
254,2019-Jun-01 23:42:04,6,6,23,Bhanu
255,2019-Jun-01 23:32:31,6,6,23,Bhanu
256,2019-Jun-01 23:30:24,6,6,23,Bhanu
257,2019-Jun-01 23:29:04,6,6,23,Bhanu
258,2019-Jun-01 14:03:45,6,6,14,Bhanu
259,2019-Jun-01 00:42:24,6,6,0,Bhanu
260,2019-Jun-01 00:36:55,6,6,0,Bhanu
261,2019-May-31 23:28:09,5,5,23,Bhanu
262,2019-May-30 20:20:05,4,5,20,Bhanu
263,2019-May-30 15:08:20,4,5,15,Bhanu
264,2019-May-30 14:50:52,4,5,14,Bhanu
265,2019-May-30 14:48:23,4,5,14,Bhanu
266,2019-May-30 14:33:51,4,5,14,Bhanu
267,2019-May-30 14:25:18,4,5,14,Bhanu
268,2019-May-30 14:05:59,4,5,14,Bhanu
269,2019-May-30 13:55:06,4,5,13,Bhanu
270,2019-May-29 18:19:55,3,5,18,Bhanu
271,2019-May-29 17:31:57,3,5,17,Bhanu
272,2019-May-29 17:07:45,3,5,17,Bhanu
273,2019-May-29 17:07:12,3,5,17,Bhanu
274,2019-May-29 17:02:39,3,5,17,Bhanu
275,2019-May-29 15:45:48,3,5,15,Bhanu
276,2019-May-29 00:53:13,3,5,0,Bhanu
277,2019-May-28 20:08:11,2,5,20,Bhanu
278,2019-May-28 14:03:43,2,5,14,Bhanu
279,2019-May-28 13:13:29,2,5,13,Bhanu
280,2019-May-28 00:07:00,2,5,0,Bhanu
281,2019-May-27 23:44:21,1,5,23,Bhanu
282,2019-May-27 23:41:53,1,5,23,Bhanu
283,2019-May-27 23:38:46,1,5,23,Bhanu
284,2019-May-27 22:14:37,1,5,22,Bhanu
285,2019-May-27 22:02:34,1,5,22,Bhanu
286,2019-May-27 21:03:47,1,5,21,Bhanu
287,2019-May-27 20:50:35,1,5,20,Bhanu
288,2019-May-27 20:12:29,1,5,20,Bhanu
289,2019-May-27 20:09:46,1,5,20,Bhanu
290,2019-May-27 20:01:06,1,5,20,Bhanu
291,2019-May-27 18:00:46,1,5,18,Bhanu
292,2019-May-27 14:40:39,1,5,14,Bhanu
293,2019-May-27 13:08:48,1,5,13,Bhanu
294,2019-May-26 02:07:31,0,5,2,Bhanu
295,2019-May-26 02:00:32,0,5,2,Bhanu
296,2019-May-26 00:14:15,0,5,0,Bhanu
297,2019-May-25 00:12:59,6,5,0,Bhanu
298,2019-May-24 16:04:12,5,5,16,Bhanu
299,2019-May-24 16:01:09,5,5,16,Bhanu
300,2019-May-24 16:01:09,5,5,16,Bhanu
301,2019-May-24 15:51:56,5,5,15,Bhanu
302,2019-May-24 15:42:38,5,5,15,Bhanu
303,2019-May-24 15:29:31,5,5,15,Bhanu
304,2019-May-24 15:22:56,5,5,15,Bhanu
305,2019-May-24 15:19:12,5,5,15,Bhanu
306,2019-May-24 14:15:43,5,5,14,Bhanu
307,2019-May-24 00:48:00,5,5,0,Bhanu
308,2019-May-23 00:51:38,4,5,0,Bhanu
309,2019-May-23 00:46:39,4,5,0,Bhanu
310,2019-May-23 00:30:13,4,5,0,Bhanu
311,2019-May-23 00:17:09,4,5,0,Bhanu
312,2019-May-22 23:33:02,3,5,23,Bhanu
313,2019-May-22 23:28:14,3,5,23,Bhanu
314,2019-May-22 22:22:45,3,5,22,Bhanu
315,2019-May-22 22:20:33,3,5,22,Bhanu
316,2019-May-22 22:16:22,3,5,22,Bhanu
317,2019-May-22 03:03:08,3,5,3,Bhanu
318,2019-May-21 16:12:59,2,5,16,Bhanu
319,2019-May-21 15:59:39,2,5,15,Bhanu
320,2019-May-20 16:59:51,1,5,16,Bhanu
321,2019-May-20 15:54:42,1,5,15,Bhanu
322,2019-May-20 15:48:29,1,5,15,Bhanu
323,2019-May-19 22:05:12,0,5,22,Bhanu
324,2019-May-19 21:49:17,0,5,21,Bhanu
325,2019-May-19 11:21:48,0,5,11,Bhanu
326,2019-May-19 00:03:36,0,5,0,Bhanu
327,2019-May-18 17:30:24,6,5,17,Bhanu
328,2019-May-18 00:43:10,6,5,0,Bhanu
329,2019-May-18 00:41:40,6,5,0,Bhanu
330,2019-May-18 00:39:18,6,5,0,Bhanu
331,2019-May-18 00:31:21,6,5,0,Bhanu
332,2019-May-17 20:48:58,5,5,20,Bhanu
333,2019-May-17 11:11:34,5,5,11,Bhanu
334,2019-May-17 11:10:39,5,5,11,Bhanu
335,2019-May-16 20:16:08,4,5,20,Bhanu
336,2019-May-16 20:15:34,4,5,20,Bhanu
337,2019-May-16 15:26:21,4,5,15,Bhanu
338,2019-May-16 15:22:26,4,5,15,Bhanu
339,2019-May-16 09:43:23,4,5,9,Bhanu
340,2019-May-15 16:33:11,3,5,16,Bhanu
341,2019-May-15 10:29:47,3,5,10,Bhanu
342,2019-May-14 18:36:53,2,5,18,Bhanu
343,2019-May-14 18:17:09,2,5,18,Bhanu
344,2019-May-14 17:10:50,2,5,17,Bhanu
345,2019-May-13 18:00:23,1,5,18,Bhanu
346,2019-May-13 17:59:36,1,5,17,Bhanu
347,2019-May-13 17:43:18,1,5,17,Bhanu
348,2019-May-13 17:41:46,1,5,17,Bhanu
349,2019-May-13 14:27:36,1,5,14,Bhanu
350,2019-May-13 14:26:42,1,5,14,Bhanu
351,2019-May-13 12:06:03,1,5,12,Bhanu
352,2019-May-13 11:40:51,1,5,11,Bhanu
353,2019-May-13 11:19:53,1,5,11,Bhanu
354,2019-May-10 20:28:28,5,5,20,Bhanu
355,2019-May-10 18:54:26,5,5,18,Bhanu
356,2019-May-10 18:38:49,5,5,18,Bhanu
357,2019-May-10 16:22:03,5,5,16,Bhanu
358,2019-May-10 14:09:13,5,5,14,Bhanu
359,2019-May-09 00:49:31,4,5,0,Bhanu
360,2019-May-08 15:34:27,3,5,15,Bhanu
361,2019-May-08 15:34:07,3,5,15,Bhanu
362,2019-May-04 18:54:05,6,5,18,Bhanu
363,2019-May-04 18:46:06,6,5,18,Bhanu
364,2019-May-04 18:30:30,6,5,18,Bhanu
365,2019-May-04 18:24:10,6,5,18,Bhanu
366,2019-May-04 15:39:06,6,5,15,Bhanu
367,2019-May-04 15:37:46,6,5,15,Bhanu
368,2019-May-04 10:53:30,6,5,10,Bhanu
369,2019-May-04 10:50:46,6,5,10,Bhanu
370,2019-May-03 15:05:26,5,5,15,Bhanu
371,2019-May-03 15:04:53,5,5,15,Bhanu
372,2019-May-02 16:29:34,4,5,16,Bhanu
373,2019-May-02 16:29:09,4,5,16,Bhanu
374,2019-May-02 16:23:41,4,5,16,Bhanu
375,2019-May-02 16:23:09,4,5,16,Bhanu
376,2019-May-02 10:40:26,4,5,10,Bhanu
377,2019-May-02 10:38:59,4,5,10,Bhanu
378,2019-May-02 09:39:59,4,5,9,Bhanu
379,2019-May-02 09:38:27,4,5,9,Bhanu
380,2019-May-01 17:16:54,3,5,17,Bhanu
381,2019-May-01 17:15:40,3,5,17,Bhanu
382,2019-May-01 17:07:44,3,5,17,Bhanu
383,2019-May-01 16:20:16,3,5,16,Bhanu
384,2019-May-01 16:19:27,3,5,16,Bhanu
385,2019-May-01 16:18:49,3,5,16,Bhanu
386,2019-May-01 16:17:43,3,5,16,Bhanu
387,2019-May-01 00:50:34,3,5,0,Bhanu
388,2019-Apr-30 17:26:31,2,4,17,Bhanu
389,2019-Apr-30 13:00:03,2,4,13,Bhanu
390,2019-Apr-30 12:58:28,2,4,12,Bhanu
391,2019-Apr-29 15:40:57,1,4,15,Bhanu
392,2019-Apr-26 14:29:02,5,4,14,Bhanu
393,2019-Apr-26 14:27:57,5,4,14,Bhanu
394,2019-Apr-26 13:13:45,5,4,13,Bhanu
395,2019-Apr-26 13:13:00,5,4,13,Bhanu
396,2019-Apr-25 18:32:00,4,4,18,Bhanu
397,2019-Apr-25 18:30:59,4,4,18,Bhanu
398,2019-Apr-25 18:25:14,4,4,18,Bhanu
399,2019-Apr-25 14:32:17,4,4,14,Bhanu
400,2019-Apr-25 14:31:48,4,4,14,Bhanu
401,2019-Apr-25 14:22:17,4,4,14,Bhanu
402,2019-Apr-25 14:21:42,4,4,14,Bhanu
403,2019-Apr-25 13:56:38,4,4,13,Bhanu
404,2019-Apr-25 13:55:12,4,4,13,Bhanu
405,2019-Apr-25 13:36:44,4,4,13,Bhanu
406,2019-Apr-25 13:13:32,4,4,13,Bhanu
407,2019-Apr-25 12:38:55,4,4,12,Bhanu
408,2019-Apr-25 12:32:01,4,4,12,Bhanu
409,2019-Apr-25 11:57:53,4,4,11,Bhanu
410,2019-Apr-24 22:56:31,3,4,22,Bhanu
411,2019-Apr-23 18:27:04,2,4,18,Bhanu
412,2019-Apr-23 18:26:36,2,4,18,Bhanu
413,2019-Apr-23 17:56:05,2,4,17,Bhanu
414,2019-Apr-23 17:55:36,2,4,17,Bhanu
415,2019-Apr-23 17:46:50,2,4,17,Bhanu
416,2019-Apr-23 17:46:22,2,4,17,Bhanu
417,2019-Apr-23 17:27:14,2,4,17,Bhanu
418,2019-Apr-23 17:26:15,2,4,17,Bhanu
419,2019-Apr-23 12:30:38,2,4,12,Bhanu
420,2019-Apr-23 12:30:09,2,4,12,Bhanu
421,2019-Apr-23 12:27:30,2,4,12,Bhanu
422,2019-Apr-23 12:22:52,2,4,12,Bhanu
423,2019-Apr-23 10:21:30,2,4,10,Bhanu
424,2019-Apr-23 10:12:16,2,4,10,Bhanu
425,2019-Apr-22 20:40:16,1,4,20,Bhanu
426,2019-Apr-22 20:24:03,1,4,20,Bhanu
427,2019-Apr-22 20:13:33,1,4,20,Bhanu
428,2019-Apr-22 19:49:49,1,4,19,Bhanu
429,2019-Apr-22 19:42:50,1,4,19,Bhanu
430,2019-Apr-22 18:41:51,1,4,18,Bhanu
431,2019-Apr-22 18:40:42,1,4,18,Bhanu
432,2019-Apr-22 18:36:46,1,4,18,Bhanu
433,2019-Apr-22 18:34:14,1,4,18,Bhanu
434,2019-Apr-22 18:30:45,1,4,18,Bhanu
435,2019-Apr-22 17:32:42,1,4,17,Bhanu
436,2019-Apr-22 17:17:05,1,4,17,Bhanu
437,2019-Apr-22 13:00:43,1,4,13,Bhanu
438,2019-Apr-22 12:56:41,1,4,12,Bhanu
439,2019-Apr-22 12:40:25,1,4,12,Bhanu
440,2019-Apr-22 12:27:51,1,4,12,Bhanu
441,2019-Apr-22 12:23:28,1,4,12,Bhanu
442,2019-Apr-22 11:35:53,1,4,11,Bhanu
443,2019-Apr-22 11:03:32,1,4,11,Bhanu
444,2019-Apr-22 10:46:28,1,4,10,Bhanu
445,2019-Apr-19 16:59:31,5,4,16,Bhanu
446,2019-Apr-19 16:09:53,5,4,16,Bhanu
447,2019-Apr-19 16:00:49,5,4,16,Bhanu
448,2019-Apr-19 15:16:48,5,4,15,Bhanu
449,2019-Apr-18 16:01:13,4,4,16,Bhanu
450,2019-Apr-18 15:57:52,4,4,15,Bhanu
451,2019-Apr-18 10:38:30,4,4,10,Bhanu
452,2019-Apr-18 10:21:58,4,4,10,Bhanu
453,2019-Apr-17 16:47:08,3,4,16,Bhanu
454,2019-Apr-17 09:26:16,3,4,9,Bhanu
455,2019-Apr-16 18:49:46,2,4,18,Bhanu
456,2019-Apr-16 15:36:39,2,4,15,Bhanu
457,2019-Apr-16 12:39:41,2,4,12,Bhanu
458,2019-Apr-15 11:28:53,1,4,11,Bhanu
459,2019-Apr-15 10:15:58,1,4,10,Bhanu
460,2019-Apr-15 09:49:33,1,4,9,Bhanu
461,2019-Apr-12 18:12:52,5,4,18,Bhanu
462,2019-Apr-12 15:05:30,5,4,15,Bhanu
463,2019-Apr-10 15:52:04,3,4,15,Bhanu
464,2019-Apr-09 18:31:29,2,4,18,Bhanu
465,2019-Apr-09 17:52:53,2,4,17,Bhanu
466,2019-Apr-09 16:19:43,2,4,16,Bhanu
467,2019-Apr-09 16:14:11,2,4,16,Bhanu
468,2019-Apr-09 16:13:16,2,4,16,Bhanu
469,2019-Apr-09 16:06:11,2,4,16,Bhanu
470,2019-Apr-09 10:29:21,2,4,10,Bhanu
471,2019-Apr-08 17:37:31,1,4,17,Bhanu
472,2019-Apr-08 15:33:29,1,4,15,Bhanu
473,2019-Apr-08 14:50:11,1,4,14,Bhanu
474,2019-Apr-08 13:39:29,1,4,13,Bhanu
475,2019-Apr-08 13:09:01,1,4,13,Bhanu
476,2019-Apr-08 12:35:58,1,4,12,Bhanu
477,2019-Apr-08 11:56:50,1,4,11,Bhanu
478,2019-Apr-08 11:48:11,1,4,11,Bhanu
479,2019-Apr-06 13:55:28,6,4,13,Bhanu
480,2019-Apr-06 13:45:44,6,4,13,Bhanu
481,2019-Apr-05 21:58:56,5,4,21,Bhanu
482,2019-Apr-05 21:57:43,5,4,21,Bhanu
483,2019-Apr-05 21:31:04,5,4,21,Bhanu
484,2019-Apr-05 21:27:08,5,4,21,Bhanu
485,2019-Apr-03 23:26:31,3,4,23,Bhanu
486,2019-Apr-03 13:40:51,3,4,13,Bhanu
487,2019-Apr-03 13:38:55,3,4,13,Bhanu
488,2019-Apr-03 13:35:49,3,4,13,Bhanu
489,2019-Apr-03 13:35:29,3,4,13,Bhanu
490,2019-Apr-03 11:48:43,3,4,11,Bhanu
491,2019-Apr-03 11:44:25,3,4,11,Bhanu
492,2019-Apr-03 11:25:53,3,4,11,Bhanu
493,2019-Apr-03 11:13:54,3,4,11,Bhanu
494,2019-Apr-02 11:34:00,2,4,11,Bhanu
495,2019-Apr-01 15:53:01,1,4,15,Bhanu
496,2019-Mar-30 15:55:24,6,3,15,Bhanu
497,2019-Mar-30 15:03:43,6,3,15,Bhanu
498,2019-Mar-30 12:24:00,6,3,12,Bhanu
499,2019-Mar-30 10:47:21,6,3,10,Bhanu
500,2019-Mar-30 09:42:40,6,3,9,Bhanu
501,2019-Mar-29 12:10:33,5,3,12,Bhanu
502,2019-Mar-29 12:06:17,5,3,12,Bhanu
503,2019-Mar-29 11:54:45,5,3,11,Bhanu
504,2019-Mar-29 09:11:03,5,3,9,Bhanu
505,2019-Mar-28 17:38:07,4,3,17,Bhanu
506,2019-Mar-28 17:35:19,4,3,17,Bhanu
507,2019-Mar-28 17:30:53,4,3,17,Bhanu
508,2019-Mar-28 17:29:35,4,3,17,Bhanu
509,2019-Mar-28 17:26:03,4,3,17,Bhanu
510,2019-Mar-28 10:39:59,4,3,10,Bhanu
511,2019-Mar-28 10:30:51,4,3,10,Bhanu
512,2019-Mar-28 10:16:59,4,3,10,Bhanu
513,2019-Mar-27 20:06:48,3,3,20,Bhanu
514,2019-Mar-27 20:05:09,3,3,20,Bhanu
515,2019-Mar-27 16:10:45,3,3,16,Bhanu
516,2019-Mar-27 15:14:39,3,3,15,Bhanu
517,2019-Mar-27 15:10:39,3,3,15,Bhanu
518,2019-Mar-27 15:05:56,3,3,15,Bhanu
519,2019-Mar-27 11:33:46,3,3,11,Bhanu
520,2019-Mar-26 16:53:23,2,3,16,Bhanu
521,2019-Mar-26 13:27:38,2,3,13,Bhanu
522,2019-Mar-26 13:22:47,2,3,13,Bhanu
523,2019-Mar-26 13:19:03,2,3,13,Bhanu
524,2019-Mar-26 13:18:15,2,3,13,Bhanu
525,2019-Mar-25 16:44:13,1,3,16,Bhanu
526,2019-Mar-25 16:43:44,1,3,16,Bhanu
527,2019-Mar-25 11:06:59,1,3,11,Bhanu
528,2019-Mar-22 17:25:23,5,3,17,Bhanu
529,2019-Mar-22 13:24:39,5,3,13,Bhanu
530,2019-Mar-22 13:24:14,5,3,13,Bhanu
531,2019-Mar-20 23:31:30,3,3,23,Bhanu
532,2019-Mar-20 23:28:56,3,3,23,Bhanu
533,2019-Mar-20 23:17:11,3,3,23,Bhanu
534,2019-Mar-20 23:16:38,3,3,23,Bhanu
535,2019-Mar-19 20:35:54,2,3,20,Bhanu
536,2019-Mar-19 18:32:22,2,3,18,Bhanu
537,2019-Mar-19 14:42:27,2,3,14,Bhanu
538,2019-Mar-19 13:17:37,2,3,13,Bhanu
539,2019-Mar-19 12:58:32,2,3,12,Bhanu
540,2019-Mar-19 11:03:48,2,3,11,Bhanu
541,2019-Mar-19 11:00:47,2,3,11,Bhanu
542,2019-Mar-18 16:56:41,1,3,16,Bhanu
543,2019-Mar-18 16:39:12,1,3,16,Bhanu
544,2019-Mar-18 16:26:55,1,3,16,Bhanu
545,2019-Mar-18 16:26:27,1,3,16,Bhanu
546,2019-Mar-15 18:27:11,5,3,18,Bhanu
547,2019-Mar-14 16:13:24,4,3,16,Bhanu
548,2019-Mar-14 15:23:49,4,3,15,Bhanu
549,2019-Mar-14 14:19:32,4,3,14,Bhanu
550,2019-Mar-14 13:38:52,4,3,13,Bhanu
551,2019-Mar-14 13:38:14,4,3,13,Bhanu
552,2019-Mar-13 23:46:23,3,3,23,Bhanu
553,2019-Mar-13 21:38:29,3,3,21,Bhanu
554,2019-Mar-13 17:22:49,3,3,17,Bhanu
555,2019-Mar-13 17:16:47,3,3,17,Bhanu
556,2019-Mar-13 17:15:57,3,3,17,Bhanu
557,2019-Mar-13 17:10:09,3,3,17,Bhanu
558,2019-Mar-13 12:46:14,3,3,12,Bhanu
559,2019-Mar-13 11:41:15,3,3,11,Bhanu
560,2019-Mar-12 16:56:25,2,3,16,Bhanu
561,2019-Mar-12 10:44:57,2,3,10,Bhanu
562,2019-Mar-12 10:23:33,2,3,10,Bhanu
563,2019-Mar-11 22:21:12,1,3,22,Bhanu
564,2019-Mar-11 21:52:11,1,3,21,Bhanu
565,2019-Mar-11 16:18:55,1,3,16,Bhanu
566,2019-Mar-11 16:01:52,1,3,16,Bhanu
567,2019-Mar-11 15:58:08,1,3,15,Bhanu
568,2019-Mar-11 11:09:57,1,3,11,Bhanu
569,2019-Mar-11 10:48:11,1,3,10,Bhanu
570,2019-Mar-11 10:04:05,1,3,10,Bhanu
571,2019-Mar-08 18:41:58,5,3,18,Bhanu
572,2019-Mar-08 18:40:40,5,3,18,Bhanu
573,2019-Mar-08 14:30:55,5,3,14,Bhanu
574,2019-Mar-07 17:39:18,4,3,17,Bhanu
575,2019-Mar-07 16:59:16,4,3,16,Bhanu
576,2019-Mar-07 15:07:34,4,3,15,Bhanu
577,2019-Mar-07 15:07:00,4,3,15,Bhanu
578,2019-Mar-06 18:20:09,3,3,18,Bhanu
579,2019-Mar-06 16:06:37,3,3,16,Bhanu
580,2019-Mar-06 14:34:38,3,3,14,Bhanu
581,2019-Mar-05 23:13:48,2,3,23,Bhanu
582,2019-Mar-05 14:01:44,2,3,14,Bhanu
583,2019-Mar-05 13:28:23,2,3,13,Bhanu
584,2019-Mar-05 12:01:44,2,3,12,Bhanu
585,2019-Mar-05 11:59:35,2,3,11,Bhanu
586,2019-Mar-05 11:55:18,2,3,11,Bhanu
587,2019-Mar-05 11:38:57,2,3,11,Bhanu
588,2019-Mar-05 11:29:22,2,3,11,Bhanu
589,2019-Mar-04 14:18:51,1,3,14,Bhanu
590,2019-Mar-04 14:15:02,1,3,14,Bhanu
591,2019-Mar-02 12:06:23,6,3,12,Bhanu
592,2019-Mar-02 11:58:38,6,3,11,Bhanu
593,2019-Mar-02 10:37:20,6,3,10,Bhanu
594,2019-Mar-01 17:58:47,5,3,17,Bhanu
595,2019-Mar-01 17:56:59,5,3,17,Bhanu
596,2019-Mar-01 17:18:02,5,3,17,Bhanu
597,2019-Mar-01 17:17:15,5,3,17,Bhanu
598,2019-Mar-01 16:45:19,5,3,16,Bhanu
599,2019-Mar-01 16:44:06,5,3,16,Bhanu
600,2019-Mar-01 16:17:25,5,3,16,Bhanu
601,2019-Mar-01 16:17:14,5,3,16,Bhanu
602,2019-Feb-28 15:35:30,4,2,15,Bhanu
603,2019-Feb-28 14:28:06,4,2,14,Bhanu
604,2019-Feb-28 13:56:14,4,2,13,Bhanu
605,2019-Feb-28 13:45:45,4,2,13,Bhanu
606,2019-Feb-28 12:13:09,4,2,12,Bhanu
607,2019-Feb-28 11:43:53,4,2,11,Bhanu
608,2019-Feb-28 11:33:37,4,2,11,Bhanu
609,2019-Feb-28 11:09:57,4,2,11,Bhanu
610,2019-Feb-28 10:40:18,4,2,10,Bhanu
611,2019-Feb-27 23:55:09,3,2,23,Bhanu
612,2019-Feb-27 19:43:30,3,2,19,Bhanu
613,2019-Feb-27 15:18:05,3,2,15,Bhanu
614,2019-Feb-27 15:06:09,3,2,15,Bhanu
615,2019-Feb-27 15:00:44,3,2,15,Bhanu
616,2019-Feb-27 14:52:21,3,2,14,Bhanu
617,2019-Feb-27 12:33:25,3,2,12,Bhanu
618,2019-Feb-27 12:19:22,3,2,12,Bhanu
619,2019-Feb-27 12:15:53,3,2,12,Bhanu
620,2019-Feb-27 11:16:15,3,2,11,Bhanu
621,2019-Feb-26 16:50:43,2,2,16,Bhanu
622,2019-Feb-26 15:53:00,2,2,15,Bhanu
623,2019-Feb-26 15:27:17,2,2,15,Bhanu
624,2019-Feb-26 15:22:43,2,2,15,Bhanu
625,2019-Feb-26 14:17:12,2,2,14,Bhanu
626,2019-Feb-25 20:30:40,1,2,20,Bhanu
627,2019-Feb-25 20:05:53,1,2,20,Bhanu
628,2019-Feb-25 20:04:01,1,2,20,Bhanu
629,2019-Feb-25 20:01:59,1,2,20,Bhanu
630,2019-Feb-25 18:08:06,1,2,18,Bhanu
631,2019-Feb-25 17:58:12,1,2,17,Bhanu
632,2019-Feb-25 17:57:12,1,2,17,Bhanu
633,2019-Feb-25 15:38:27,1,2,15,Bhanu
634,2019-Feb-25 12:03:04,1,2,12,Bhanu
635,2019-Feb-25 11:51:50,1,2,11,Bhanu
636,2019-Feb-25 11:27:04,1,2,11,Bhanu
637,2019-Feb-22 17:44:35,5,2,17,Bhanu
638,2019-Feb-22 12:42:53,5,2,12,Bhanu
639,2019-Feb-22 12:29:28,5,2,12,Bhanu
640,2019-Feb-22 12:28:10,5,2,12,Bhanu
641,2019-Feb-22 12:12:15,5,2,12,Bhanu
642,2019-Feb-21 19:37:35,4,2,19,Bhanu
643,2019-Feb-21 19:28:35,4,2,19,Bhanu
644,2019-Feb-21 13:18:28,4,2,13,Bhanu
645,2019-Feb-21 12:42:11,4,2,12,Bhanu
646,2019-Feb-21 11:13:16,4,2,11,Bhanu
647,2019-Feb-21 10:51:23,4,2,10,Bhanu
648,2019-Feb-20 18:22:36,3,2,18,Bhanu
649,2019-Feb-20 16:40:24,3,2,16,Bhanu
650,2019-Feb-20 16:39:50,3,2,16,Bhanu
651,2019-Feb-20 15:15:47,3,2,15,Bhanu
652,2019-Feb-20 15:15:01,3,2,15,Bhanu
653,2019-Feb-20 11:56:52,3,2,11,Bhanu
654,2019-Feb-20 10:50:56,3,2,10,Bhanu
655,2019-Feb-19 16:48:52,2,2,16,Bhanu
656,2019-Feb-19 13:00:26,2,2,13,Bhanu
657,2019-Feb-19 10:58:19,2,2,10,Bhanu
658,2019-Feb-19 10:57:55,2,2,10,Bhanu
659,2019-Feb-18 20:30:56,1,2,20,Bhanu
660,2019-Feb-18 20:30:47,1,2,20,Bhanu
661,2019-Feb-18 20:29:47,1,2,20,Bhanu
662,2019-Feb-18 19:07:33,1,2,19,Bhanu
663,2019-Feb-18 19:03:48,1,2,19,Bhanu
664,2019-Feb-16 18:50:55,6,2,18,Bhanu
665,2019-Feb-16 18:50:13,6,2,18,Bhanu
666,2019-Feb-16 18:46:22,6,2,18,Bhanu
667,2019-Feb-16 18:45:28,6,2,18,Bhanu
668,2019-Feb-15 15:41:36,5,2,15,Bhanu
669,2019-Feb-15 15:35:54,5,2,15,Bhanu
670,2019-Feb-14 23:38:32,4,2,23,Bhanu
671,2019-Feb-14 22:28:40,4,2,22,Bhanu
672,2019-Feb-14 21:36:27,4,2,21,Bhanu
673,2019-Feb-14 19:38:55,4,2,19,Bhanu
674,2019-Feb-14 19:35:29,4,2,19,Bhanu
675,2019-Feb-14 19:33:49,4,2,19,Bhanu
676,2019-Feb-14 19:11:06,4,2,19,Bhanu
677,2019-Feb-14 18:37:59,4,2,18,Bhanu
678,2019-Feb-14 18:37:43,4,2,18,Bhanu
679,2019-Feb-14 18:16:25,4,2,18,Bhanu
680,2019-Feb-14 18:04:01,4,2,18,Bhanu
681,2019-Feb-14 17:36:41,4,2,17,Bhanu
682,2019-Feb-14 17:36:16,4,2,17,Bhanu
683,2019-Feb-14 13:31:53,4,2,13,Bhanu
684,2019-Feb-13 19:50:50,3,2,19,Bhanu
685,2019-Feb-13 15:00:37,3,2,15,Bhanu
686,2019-Feb-13 13:31:18,3,2,13,Bhanu
687,2019-Feb-13 13:13:36,3,2,13,Bhanu
688,2019-Feb-13 12:34:18,3,2,12,Bhanu
689,2019-Feb-12 21:29:10,2,2,21,Bhanu
690,2019-Feb-12 21:22:34,2,2,21,Bhanu
691,2019-Feb-12 20:55:58,2,2,20,Bhanu
692,2019-Feb-12 18:14:46,2,2,18,Bhanu
693,2019-Feb-12 16:10:38,2,2,16,Bhanu
694,2019-Feb-12 15:22:33,2,2,15,Bhanu
695,2019-Feb-12 15:03:55,2,2,15,Bhanu
696,2019-Feb-12 12:49:16,2,2,12,Bhanu
697,2019-Feb-12 12:46:10,2,2,12,Bhanu
698,2019-Feb-12 12:43:27,2,2,12,Bhanu
699,2019-Feb-12 12:31:31,2,2,12,Bhanu
700,2019-Feb-12 11:53:56,2,2,11,Bhanu
701,2019-Feb-12 11:51:13,2,2,11,Bhanu
702,2019-Feb-11 19:10:56,1,2,19,Bhanu
703,2019-Feb-11 16:53:57,1,2,16,Bhanu
704,2019-Feb-11 15:19:45,1,2,15,Bhanu
705,2019-Feb-11 12:57:28,1,2,12,Bhanu
706,2019-Feb-09 10:35:40,6,2,10,Bhanu
707,2019-Feb-09 10:35:17,6,2,10,Bhanu
708,2019-Feb-08 19:33:50,5,2,19,Bhanu
709,2019-Feb-08 19:02:05,5,2,19,Bhanu
710,2019-Feb-08 18:44:25,5,2,18,Bhanu
711,2019-Feb-08 18:25:34,5,2,18,Bhanu
712,2019-Feb-08 17:33:18,5,2,17,Bhanu
713,2019-Feb-08 17:32:06,5,2,17,Bhanu
714,2019-Feb-08 16:15:18,5,2,16,Bhanu
715,2019-Feb-08 16:14:52,5,2,16,Bhanu
716,2019-Feb-08 11:02:22,5,2,11,Bhanu
717,2019-Feb-08 10:59:23,5,2,10,Bhanu
718,2019-Feb-08 10:58:12,5,2,10,Bhanu
719,2019-Feb-07 19:12:54,4,2,19,Bhanu
720,2019-Feb-07 19:12:29,4,2,19,Bhanu
721,2019-Feb-07 16:24:25,4,2,16,Bhanu
722,2019-Feb-07 14:03:01,4,2,14,Bhanu
723,2019-Feb-07 14:01:56,4,2,14,Bhanu
724,2019-Feb-07 13:34:16,4,2,13,Bhanu
725,2019-Feb-07 12:30:53,4,2,12,Bhanu
726,2019-Feb-07 09:14:47,4,2,9,Bhanu
727,2019-Feb-06 22:12:13,3,2,22,Bhanu
728,2019-Feb-06 21:50:40,3,2,21,Bhanu
729,2019-Feb-06 16:50:17,3,2,16,Bhanu
730,2019-Feb-06 16:45:48,3,2,16,Bhanu
731,2019-Feb-06 16:45:48,3,2,16,Bhanu
732,2019-Feb-06 15:04:16,3,2,15,Bhanu
733,2019-Feb-06 13:12:52,3,2,13,Bhanu
734,2019-Feb-06 13:11:50,3,2,13,Bhanu
735,2019-Feb-05 21:42:58,2,2,21,Bhanu
736,2019-Feb-05 20:43:34,2,2,20,Bhanu
737,2019-Feb-05 20:40:02,2,2,20,Bhanu
738,2019-Feb-05 18:27:29,2,2,18,Bhanu
739,2019-Feb-05 18:02:06,2,2,18,Bhanu
740,2019-Feb-05 14:46:32,2,2,14,Bhanu
741,2019-Feb-05 13:49:57,2,2,13,Bhanu
742,2019-Feb-04 20:14:39,1,2,20,Bhanu
743,2019-Feb-04 19:37:22,1,2,19,Bhanu
744,2019-Feb-04 19:35:16,1,2,19,Bhanu
745,2019-Feb-04 19:27:29,1,2,19,Bhanu
746,2019-Feb-04 18:43:34,1,2,18,Bhanu
747,2019-Feb-04 18:42:04,1,2,18,Bhanu
748,2019-Feb-04 18:10:55,1,2,18,Bhanu
749,2019-Feb-04 16:39:24,1,2,16,Bhanu
750,2019-Feb-04 14:30:00,1,2,14,Bhanu
751,2019-Feb-04 14:21:54,1,2,14,Bhanu
752,2019-Feb-04 14:18:51,1,2,14,Bhanu
753,2019-Feb-04 14:17:23,1,2,14,Bhanu
754,2019-Feb-04 12:52:17,1,2,12,Bhanu
755,2019-Feb-04 12:37:05,1,2,12,Bhanu
756,2019-Feb-04 12:36:10,1,2,12,Bhanu
757,2019-Feb-02 22:04:58,6,2,22,Bhanu
758,2019-Feb-02 21:14:05,6,2,21,Bhanu
759,2019-Feb-02 17:12:22,6,2,17,Bhanu
760,2019-Feb-02 11:30:43,6,2,11,Bhanu
761,2019-Feb-01 16:43:57,5,2,16,Bhanu
762,2019-Feb-01 16:43:29,5,2,16,Bhanu
763,2019-Feb-01 16:42:26,5,2,16,Bhanu
764,2019-Feb-01 12:22:34,5,2,12,Bhanu
765,2019-Jan-30 16:50:15,3,1,16,Bhanu
766,2019-Jan-30 16:34:16,3,1,16,Bhanu
767,2019-Jan-30 16:17:19,3,1,16,Bhanu
768,2019-Jan-30 15:59:23,3,1,15,Bhanu
769,2019-Jan-30 15:59:02,3,1,15,Bhanu
770,2019-Jan-29 14:45:34,2,1,14,Bhanu
771,2019-Jan-29 12:49:28,2,1,12,Bhanu
772,2019-Jan-28 16:40:35,1,1,16,Bhanu
773,2019-Jan-26 02:12:55,6,1,2,Bhanu
774,2019-Jan-26 01:58:11,6,1,1,Bhanu
775,2019-Jan-26 01:41:00,6,1,1,Bhanu
776,2019-Jan-26 01:39:38,6,1,1,Bhanu
777,2019-Jan-25 21:21:52,5,1,21,Bhanu
778,2019-Jan-25 21:21:18,5,1,21,Bhanu
779,2019-Jan-25 16:52:12,5,1,16,Bhanu
780,2019-Jan-25 16:50:12,5,1,16,Bhanu
781,2019-Jan-25 13:02:25,5,1,13,Bhanu
782,2019-Jan-25 11:38:58,5,1,11,Bhanu
783,2019-Jan-24 23:10:30,4,1,23,Bhanu
784,2019-Jan-24 18:55:50,4,1,18,Bhanu
785,2019-Jan-24 15:43:25,4,1,15,Bhanu
786,2019-Jan-24 15:37:50,4,1,15,Bhanu
787,2019-Jan-24 12:18:27,4,1,12,Bhanu
788,2019-Jan-24 10:50:40,4,1,10,Bhanu
789,2019-Jan-23 21:08:58,3,1,21,Bhanu
790,2019-Jan-23 19:31:49,3,1,19,Bhanu
791,2019-Jan-23 19:12:58,3,1,19,Bhanu
792,2019-Jan-23 13:08:25,3,1,13,Bhanu
793,2019-Jan-23 13:04:38,3,1,13,Bhanu
794,2019-Jan-23 13:03:54,3,1,13,Bhanu
795,2019-Jan-23 12:40:36,3,1,12,Bhanu
796,2019-Jan-23 12:38:23,3,1,12,Bhanu
797,2019-Jan-22 18:08:21,2,1,18,Bhanu
798,2019-Jan-22 17:31:49,2,1,17,Bhanu
799,2019-Jan-22 17:25:22,2,1,17,Bhanu
800,2019-Jan-22 14:13:09,2,1,14,Bhanu
801,2019-Jan-22 12:44:04,2,1,12,Bhanu
802,2019-Jan-19 16:23:15,6,1,16,Bhanu
803,2019-Jan-18 19:08:03,5,1,19,Bhanu
804,2019-Jan-18 16:38:14,5,1,16,Bhanu
805,2019-Jan-18 15:39:19,5,1,15,Bhanu
806,2019-Jan-18 14:28:55,5,1,14,Bhanu
807,2019-Jan-18 13:47:04,5,1,13,Bhanu
808,2019-Jan-18 13:46:37,5,1,13,Bhanu
809,2019-Jan-17 12:59:32,4,1,12,Bhanu
810,2019-Jan-17 12:44:15,4,1,12,Bhanu
811,2019-Jan-17 11:31:05,4,1,11,Bhanu
812,2019-Jan-17 11:11:02,4,1,11,Bhanu
813,2019-Jan-17 10:46:07,4,1,10,Bhanu
814,2019-Jan-16 20:19:39,3,1,20,Bhanu
815,2019-Jan-16 19:57:37,3,1,19,Bhanu
816,2019-Jan-16 19:47:17,3,1,19,Bhanu
817,2019-Jan-16 18:58:49,3,1,18,Bhanu
818,2019-Jan-16 18:11:30,3,1,18,Bhanu
819,2019-Jan-16 18:10:36,3,1,18,Bhanu
820,2019-Jan-16 14:56:22,3,1,14,Bhanu
821,2019-Jan-16 14:56:02,3,1,14,Bhanu
822,2019-Jan-16 14:54:25,3,1,14,Bhanu
823,2019-Jan-15 20:35:50,2,1,20,Bhanu
824,2019-Jan-15 20:27:11,2,1,20,Bhanu
825,2019-Jan-15 20:23:49,2,1,20,Bhanu
826,2019-Jan-15 16:14:16,2,1,16,Bhanu
827,2019-Jan-15 15:38:40,2,1,15,Bhanu
828,2019-Jan-15 14:44:12,2,1,14,Bhanu
829,2019-Jan-15 14:20:00,2,1,14,Bhanu
830,2019-Jan-10 18:06:44,4,1,18,Bhanu
831,2019-Jan-10 18:00:30,4,1,18,Bhanu
832,2019-Jan-10 16:50:48,4,1,16,Bhanu
833,2019-Jan-10 13:14:46,4,1,13,Bhanu
834,2019-Jan-10 13:09:14,4,1,13,Bhanu
835,2019-Jan-09 19:09:24,3,1,19,Bhanu
836,2019-Jan-09 18:55:39,3,1,18,Bhanu
837,2019-Jan-09 18:55:02,3,1,18,Bhanu
838,2019-Jan-09 18:54:45,3,1,18,Bhanu
839,2019-Jan-09 18:10:08,3,1,18,Bhanu
840,2019-Jan-08 19:11:21,2,1,19,Bhanu
841,2019-Jan-08 19:10:44,2,1,19,Bhanu
842,2019-Jan-08 19:10:04,2,1,19,Bhanu
843,2019-Jan-08 14:07:20,2,1,14,Bhanu
844,2019-Jan-08 13:22:35,2,1,13,Bhanu
845,2019-Jan-08 13:19:02,2,1,13,Bhanu
846,2019-Jan-08 13:15:42,2,1,13,Bhanu
847,2019-Jan-08 11:58:34,2,1,11,Bhanu
848,2019-Jan-07 19:05:13,1,1,19,Bhanu
849,2019-Jan-07 17:35:56,1,1,17,Bhanu
850,2019-Jan-07 17:30:09,1,1,17,Bhanu
851,2019-Jan-07 14:18:58,1,1,14,Bhanu
852,2019-Jan-07 14:14:02,1,1,14,Bhanu
853,2019-Jan-07 13:17:28,1,1,13,Bhanu
854,2019-Jan-07 13:03:56,1,1,13,Bhanu
855,2019-Jan-07 13:02:01,1,1,13,Bhanu
856,2019-Jan-06 01:17:58,0,1,1,Bhanu
857,2019-Jan-04 20:17:43,5,1,20,Bhanu
858,2019-Jan-03 19:23:45,4,1,19,Bhanu
859,2019-Jan-02 17:59:23,3,1,17,Bhanu
860,2019-Jan-02 16:52:40,3,1,16,Bhanu
861,2019-Jan-02 16:52:40,3,1,16,Bhanu
862,2019-Jan-02 15:44:29,3,1,15,Bhanu
863,2019-Jan-02 15:41:39,3,1,15,Bhanu
864,2019-Jan-02 14:05:23,3,1,14,Bhanu
865,2019-Jan-02 14:02:46,3,1,14,Bhanu
866,2019-Jan-02 14:02:13,3,1,14,Bhanu
867,2018-Dec-29 19:05:39,6,12,19,Bhanu
868,2018-Dec-29 12:57:50,6,12,12,Bhanu
869,2018-Dec-28 16:12:56,5,12,16,Bhanu
870,2018-Dec-27 14:06:28,4,12,14,Bhanu
871,2018-Dec-27 14:05:31,4,12,14,Bhanu
872,2018-Dec-26 19:55:17,3,12,19,Bhanu
873,2018-Dec-26 19:54:34,3,12,19,Bhanu
874,2018-Dec-26 13:32:07,3,12,13,Bhanu
875,2018-Dec-26 12:44:22,3,12,12,Bhanu
876,2018-Dec-26 12:37:58,3,12,12,Bhanu
877,2018-Dec-26 12:29:52,3,12,12,Bhanu
878,2018-Dec-26 12:05:10,3,12,12,Bhanu
879,2018-Dec-26 12:03:59,3,12,12,Bhanu
880,2018-Dec-26 12:01:14,3,12,12,Bhanu
881,2018-Dec-21 11:21:59,5,12,11,Bhanu
882,2018-Dec-21 11:15:47,5,12,11,Bhanu
883,2018-Dec-20 14:13:14,4,12,14,Bhanu
0,2019-08-22 00:07:46,4,8,0,Akash
1,2019-08-21 22:22:53,3,8,22,Akash
2,2019-08-15 13:25:49,4,8,13,Akash
3,2019-08-07 01:48:46,3,8,1,Akash
4,2019-08-06 00:50:15,2,8,0,Akash
5,2019-08-06 00:16:08,2,8,0,Akash
6,2019-08-04 17:09:14,0,8,17,Akash
7,2019-08-04 01:02:18,0,8,1,Akash
8,2019-08-01 01:49:31,4,8,1,Akash
9,2019-08-01 01:47:35,4,8,1,Akash
10,2019-08-01 01:23:58,4,8,1,Akash
11,2019-07-31 23:42:25,3,7,23,Akash
12,2019-07-26 23:30:14,5,7,23,Akash
13,2019-07-25 23:43:05,4,7,23,Akash
14,2019-07-19 23:27:48,5,7,23,Akash
15,2019-07-07 00:40:07,0,7,0,Akash
16,2019-07-07 00:17:54,0,7,0,Akash
17,2019-07-06 00:04:02,6,7,0,Akash
18,2019-05-25 23:00:12,6,5,23,Akash
19,2019-05-24 23:21:55,5,5,23,Akash
20,2019-04-22 22:48:03,1,4,22,Akash
21,2019-04-14 23:52:30,0,4,23,Akash
22,2019-04-14 23:49:36,0,4,23,Akash
23,2019-04-02 22:19:53,2,4,22,Akash
24,2019-03-25 22:58:06,1,3,22,Akash
25,2019-03-25 22:33:28,1,3,22,Akash
26,2019-03-25 11:59:54,1,3,11,Akash
27,2019-03-24 10:53:55,0,3,10,Akash
28,2019-03-23 21:33:51,6,3,21,Akash
29,2019-03-23 15:00:34,6,3,15,Akash
30,2019-03-20 12:26:02,3,3,12,Akash
31,2019-03-19 22:14:08,2,3,22,Akash
32,2019-03-19 20:26:57,2,3,20,Akash
33,2019-03-18 21:44:15,1,3,21,Akash
34,2019-03-17 17:51:11,0,3,17,Akash
35,2019-03-17 13:15:21,0,3,13,Akash
